8564564	acecombat6firesofliberationplatinumhits
2755149	acecombatassaulthorizon
1208344	adrenalinmisfits
3622159	airconflictssecretwars
2480232	alicemadnessreturns
9504431	alphaprotocol
3569099	alvinandthechipmunkschipwrecked
3447762	anarchyreigns
1184298	arcaniagothic4
9984142	assassinscreedbrotherhood
9331591	assassinscreediiplatinumhits
8461915	assassinscreedlimitededition
8438032	assassinscreedplatinumhits
1338007	assassinscreedbrotherhoodcollectorsedition
2613542	assassinscreedrevelations
9952004	attackofthemovies3d
9963729	backyardsportssandlotsluggers
9396833	bandhero
9927328	batmanarkhamasylumgameoftheyearedition
2173065	batmanarkhamcity
3046603	batmanarkhamcitycollectorsedition
3668336	battlefield3
2107458	battlefield3limitededition
1182175	battlefieldbadcompany2ultimateedition
8504353	beautifulkatamari
2846098	ben10galacticracing
9328809	bioshock2
9739989	bioshock2limitededition
2953816	bioshockinfinite
3167059	birdsofsteel
3447468	blackwater
3130065	bladesoftime
8498609	blazingangels2secretmissionsofwwii
9790751	bloodbowl
1170735	bloodstone007
9406243	blur
1997066	bodyandbrainconnection
3180602	bodycount
8988018	bolt
9487067	borderlands
3433032	borderlands2
1431386	borderlandsgameoftheyearedition
9810374	brink
7849894	brothersinarmshellshighway
2087044	brunswickprobowling
9262237	brtallegend
1617038	bulletstorm
1493444	csicrimesceneinvestigationfatalconspiracy
9589956	csideadlyintent
3619076	cabelasadventurecamp
3455185	cabelasbiggamehunter2012
3455398	cabelasbiggamehunter2012withtopshotelitegun
3619085	cabelasbiggamehunterhuntingpartywithtopshotsport
1404133	cabelasdangeroushunts2011
3581907	cabelassurvivalshadowsofkatmai
3581961	cabelassurvivalshadowsofkatmaiwithtopshoteliteperipheral
7836737	callofduty2gameoftheyearedition
8237259	callofduty3goldedition
8770868	callofduty4modernwarfaregameoftheyearedition
9902347	callofdutyblackops
2833031	callofdutyblackopswithfirststrikecontentpack
9276473	callofdutymodernwarfare2
9345559	callofdutymodernwarfare2hardenededition
2670133	callofdutymodernwarfare3
2945052	callofdutymodernwarfare3hardenededition
1013666	callofdutythewarcollection
8887644	callofdutyworldatwar
2525293	callofjuarezthecartel
2809529	captainamericasupersoldier
2284728	carnivalgamesmonkeyseemonkeydo
9515937	carsraceorama
3569363	cartoonnetworkpunchtimeexplosionxl
1014064	castlevanialordsofshadow
2712876	catherine
2628429	childofeden
8534204	crashofthetitans
1535718	create
1563461	crysis2
1443131	djhero
1066515	djhero2
1331217	dancecentraldownloadablecontenttokencard
1580049	dancecentral
2281794	dancedancerevolution
1208486	dancemasters
1981099	danceparadise
2758085	darksouls
1142357	darkstaronebrokenalliance
3905186	darksidersiilimitededition
1778076	deblob2
2541184	deadisland
9823769	deadrising2
2737083	deadrising2offtherecord
1475036	deadspace2
4715623	deadtorightsplatinumhitsxbox
1208468	decasportsfreedom
3425352	deepakchoprasleela
1121373	defjamrapstar
1251132	deusexhumanrevolution
2202037	deusexhumanrevolutionaugmentededition
8649714	devilmaycry4
2147483647	digitalonlybundle
2663112	dirt3
9215814	disneysingithighschoolmusical3senioryear
9189415	disneysingithighschoolmusical3senioryearwithmicrophone
2769488	disneyuniverse
2173135	disneypixarcars2
9749358	disneypixartoystory3
2677215	divinityiithedragonknightsaga
8802414	donkingpresentsprizefighter
1685052	dragonageii
3552327	dragonballzultimatetenkaichi
3619173	dreamworkssuperstarkartz
2106238	dreamcastcollection
1092494	driversanfrancisco
2051131	dukenukemforever
2319319	dungeonsiegeiii
2138219	dynastywarriors7
9808306	dynastywarriorsstrikeforce
9953959	easportsmma
2758119	earthdefenseforceinsectarmageddon
3209295	elshaddaiascensionofthemetatron
9927373	fear3
8588334	fearfiles
3301556	f12011
1011491	fifasoccer11
2704058	fifasoccer12
9827204	fableiiplatinumhits
9854786	fableiii
8978369	facebreaker
9517748	fairytalefights
8813313	fallout3platinumhits
9441712	fallout3brokensteelandpointlookoutgameaddonpack
9701377	falloutnewvegas
3650045	familyfeud2012edition
3052094	familygamenight4thegameshow
1802089	fantasticpets
8949365	farcry2
1807118	fightnightchampion
9285686	fightnightround4
1470129	fightersuncaged
3519923	finalfantasyxiii2
9461183	finalfantasyxiii
1493639	fistofthenorthstarkensrage
9460736	forzamotorsport3
2078113	forzamotorsport4
2953607	forzamotorsport4limitedcollectorsedition
1330193	fracture
9343347	gforce
9385809	gijoetheriseofcobra
1535584	gamepartyinmotion
8760398	gearsofwar2
9854804	gearsofwar3
2467183	gearsofwar3epicedition
2467129	gearsofwar3limitededition
2032076	gearsofwartriplepack
3566857	goldeneye007reloaded
7959033	grandtheftautoivplatinumhits
1511584	grandtheftautoivthecompleteedition
3447362	greasedance
1981345	greenlanternriseofthemanhunters
8736601	guitarheroaerosmith
1066233	guitarherowarriorsofrock
7294661	halo3platinumhits
9254111	halo3odst
2856544	halo4
2856517	halocombatevolvedanniversary
9713872	haloreach
9854668	haloreachlegendaryedition
9854507	haloreachlimitededition
9254255	hannahmontanathemovie
1324987	harrypotterandthedeathlyhallowspart1thevideogame
2774101	harrypotterandthedeathlyhallowspart2
1011831	hasbrofamilygamenight3
3052119	hasbrofamilygamenightfunpack
2759181	heavyfireafghanistan
2550207	historygreatbattlesmedieval
2824158	hitmanabsolution
1067848	homefront
2703101	hulkhogansmainevent
1228993	huntedthedemonsforge
8947768	infiniteundiscovery
9823696	ironman2
3648174	jasfjanesadvancedstrikefighters
3569062	jillianmichaelsfitnessadventure
3105111	jimmiejohnsonsanythingwithanengine
3559471	jurassicparkthegame
9629647	jurassicthehunted
2802508	justdance3
3650391	justdancekids2
9956073	kaneandlynch2dogdays
8509447	kengolegendofthe9
1179963	kinectjoyride
1180104	kinectsports
2897055	kinectsportsseasontwo
2823899	kinectstarwars
2897116	kinectdancecentral2
2897073	kinectdisneylandadventures
1180061	kinectimals
2897091	kinectimalsnowwithbears
9696416	konamiclassicsvol1
2432142	kungfupanda2
9976899	lanoire
3802065	lanoirecompleteedition
8793326	legobatmanthevideogame
9843708	legoharrypotteryears14
3055161	legoharrypotteryears57
9589313	legoindianajones2theadventurecontinues
8829707	legoindianajonestheoriginaladventures
1816073	legopiratesofthecaribbeanthevideogame
9328943	legorockband
1775051	legostarwarsiiitheclonewars
8595763	legostarwarsthecompletesaga
8590562	laracrofttombraideranniversary
9511432	left4dead2
1254078	legendoftheguardianstheowlsofgahoole
3827774	letscheer
9562957	lipsnumberonehitsexclusivedownloadablecolbiecaillatsongsoffer
9649243	lostplanet2
1121355	luchalibreaaaheroesdelring
2432045	mxvsatvalive
8597556	mxvsatvuntamed
9594469	madagascarkartz
9008511	madagascarescape2africa
9223501	maddennfl10
9791614	maddennfl11
2375195	maddennfl12
2856465	maddennfl12halloffameedition
9261014	mafiaii
1808056	majorleaguebaseball2k11
2524106	manvswildwithbeargrylls
1450317	marvelsuperherosquadtheinfinitygauntlet
1052221	marvelvscapcom3fateoftwoworlds
9663261	masseffect2
2795128	masseffect3
2889044	masseffect3n7collectorsedition
8323593	masseffectplatinumhits
2808872	maxpayne3
2138398	mayhem3d
9936089	medalofhonor
1450556	megamindultimateshowdown
2815178	metalgearrisingrevengeance
3166581	metalgearsolidhdcollection
1563392	michaeljacksontheexperience
2842602	michaelphelpspushthelimit
8878609	midnightclublosangeles
9540428	midnightclublosangelescompleteeditionplatinumhits
1778119	mindjack
3558579	minutetowinit
9092206	mirrorsedge
1010544	monopolystreets
9333544	monsterjam
1078792	mortalkombat
9092563	mortalkombatvsdcuniverseplatinumhits
2703068	motionexplosion
1338089	motionsports
2842775	motionsportsadrenaline
1011067	mysimsskyheroes
9927451	n3iininetyninenights
1953203	nascar2011thegame
3617069	nascarunleashed
9540473	nba2k10anniversaryedition
1161734	nba2k11
2977637	nba2k12
8990014	nba2k9
1579138	nbajam
9622501	ncaabasketball10
9791723	ncaafootball11
2340293	ncaafootball12
3650503	ncis
8994314	nflheadcoach09
9949037	nhl11
2807036	nhl12
2678241	needforspeedtherun
1032361	needforspeedhotpursuit
3166824	neverdead
3826884	nickelodeondance
2938114	nicktoonsmlb
9896071	nier
2678108	operationflashpointredriver
2688108	otomediusexcellent
2945626	otomediusexcellentspecialedition
2904675	overstrike
3152127	pes2012proevolutionsoccer
1309041	plantsvszombies
9248833	popcaparcadevol2
2146641	portal2
1208753	powergigriseofthesixstring
2576068	powerupheroes
3447113	prey2
9122683	princeofpersia
9691527	princeofpersiatheforgottensands
3431061	prototype2
8882701	pure
3720071	pussinboots
1228939	rage
2141045	rango
1315467	rapalaprobassfishing
3617087	rapalaforkinect
3600554	ravingrabbidsalivekicking
3052076	raymanorigins
2730972	recordofagarestwarzero
2760575	recordofagarestwarzerolimitededition
9374134	reddeadredemption
3559578	reddeadredemptiongameoftheyeareditionplaystation3
3559505	reddeadredemptiongameoftheyearedition
1508787	reddeadredemptionundeadnightmare
1067948	redfactionarmageddon
9166797	residentevil5platinumhits
2737171	residenteviloperationraccooncitybestbuylimitededition
2396097	rio
2842639	riseofnightmares
1997154	rockbandcountrytrackpack2
9522634	rockbandmetaltrackpack
9057735	rockrevolution
2633149	rocksmithbestbuyexclusiveeditionplaystation3
2633103	rocksmithbestbuyexclusiveedition
3046066	rocksmithbestbuyexclusiveeditionguitarkit
3035168	ssx
8814811	saintsrow2
1207275	saintsrowplatinumhitsdoublepack
2330703	saintsrowthethird
3001046	saintsrowthethirdplatinumpack
1440189	sawiifleshandblood
3653546	selfdefensetrainingcamp
2842757	sesamestreetonceuponamonster
9977237	shaunwhiteskateboarding
1814093	shift2unleashed
2542914	silenthilldownpour
9265387	singularity
9865018	skate3
2212043	skylandersspyrosadventurestarterpack
1004622	sniperghostwarrior
8589244	soldieroffortunepayback
1470147	sonicfreeriders
2833095	sonicgenerations
8963936	sonicunleashed
9215333	sonicsultimategenesiscollectionplatinumhits
8709203	soulcaliburiv
3969086	soulcaliburv
3184753	specopsthelinepremiumedition
3071408	spidermanedgeoftime
1094401	spidermanshattereddimensions
9936195	splatterhouse
9417179	splitsecond
3655492	spongebobssurfskateroadtrip
9562261	spongebobstruthorsquare
8947205	starwarstheforceunleashed
9980886	starwarstheforceunleashed
9955514	starwarstheforceunleashedii
1154546	starwarstheforceunleashediicollectorsedition
9257083	stormrise
9166742	streetfighterivplatinumhits
3967307	streetfighterxtekkenspecialedition
2633158	superstreetfighterivarcadeedition
2598588	supremacymma
9715591	tronevolution
1318437	tronevolutioncollectorsedition
9291232	tekken6
9967476	testdriveunlimited2
3653564	theadventuresoftintinthegame
1199284	thebiggestloserultimateworkout
3302121	theblackeyedpeasexperience
2731025	thecursedcrusade
2678578	theelderscrollsivoblivion5thanniversaryedition
3447104	theelderscrollsivobliviongameoftheyearedition
2095189	theelderscrollsvskyrim
3244621	theelderscrollsvskyrimcollectorsedition
2935092	thegunstringer
3838112	thekingoffightersxiii
9018537	thelastremnant
1989198	thelordoftheringswarinthenorth
3432088	thelordoftheringswarinthenorthcollectorsedition
8533848	theorangeboxplatinumhits
3301256	thepenguinsofmadagascardrblowholereturnsagain
3650081	thepriceisrightdecades
9629301	thesaboteur
1012721	thesims3
3559384	thesims3pets
3555951	thewitcher2assassinsofkingsenhancededition
2542262	thorgodofthunder
1930151	tigerwoodspgatour12themasters
7729489	timeshift
8237302	tomclancysghostreconadvancedwarfighter2
7294616	tomclancysghostreconadvancedwarfighterplatinumhits
9858063	tomclancysghostreconadvancedwarfighterplatinumhits
9889193	tomclancysghostreconfuturesoldier
9959853	tomclancyshawx2
8115906	tomclancysrainbowsixvegas
9238336	tomclancysrainbowsixvegasghostreconadvancedwarfighter
9331644	tomclancyssplintercellconviction
2823826	tombraider
9064077	tombraiderunderworld
8025816	tonyhawksproject8platinumhits
8473608	tonyhawksprovingground
6719688	tonyhawksunderground2platinumhitsxbox
1315528	tonyhawkshred
1972826	topspin4
2248278	transformersdarkofthemoon
9265038	transformersrevengeofthefallen
8321737	transformersthegame
9893348	transformerswarforcybertron
2643215	tropico4
3487029	tropico4
1243179	truthorlies
8669657	turningpointfallofliberty
3568585	twistermania
1012876	twoworldsii
2432276	ufcpersonaltrainer
9707935	ufcundisputed2010
3184908	ufcundisputed3
3088387	ultimatemarvelvscapcom3
9302168	up
9707817	vancouver2010
1404415	vanquish
3508275	victorioustimetoshine
2548405	virtuatennis4
3021387	wwe12
1974315	wweallstars
9194999	wwelegendsofwrestlemania
1066551	wwesmackdownvsraw2011
2749041	warhammer40000spacemarine
1973042	warriorslegendsoftroy
3568919	winterstars
3071602	wipeout2
2598445	wipeoutinthezone
9261746	wolfenstein
9215164	xblades
2671044	xmendestiny
9654087	x360stokedbigaireditionx360
2540079	xboxlivearcadetriplepack
2075383	yoostar2inthemovies
1776209	youdontknowjack
1179927	yourshapefitnessevolved
3651035	yourshapefitnessevolved2012
1515341	zumbafitness
3230198	udrawgametabletwithudrawstudioinstantartist
3847419	udrawmarvelsuperherosquadcomiccombat
